facility_id,comp_score_psi_90,avg_ratio,facility_name,state,hospital_type
040020,3.16,1.0770399999999998,ST BERNARDS MEDICAL CENTER,AR,Acute Care Hospitals
080007,3.07,1.0210833333333333,BEEBE MEDICAL CENTER,DE,Acute Care Hospitals
250058,2.19,1.0851199999999999,SOUTH CENTRAL REG MED CTR,MS,Acute Care Hospitals
330094,2.17,1.0064,COLUMBIA MEMORIAL HOSPITAL,NY,Acute Care Hospitals
100212,2.12,1.0749,MARION COMMUNTIY HOSPITAL,FL,Acute Care Hospitals
330250,2.02,1.0048,CHAMPLAIN VALLEY PHYSICIANS HOSPITAL MEDICAL CTR,NY,Acute Care Hospitals
440048,2.01,1.0986833333333335,BAPTIST MEMORIAL HOSPITAL,TN,Acute Care Hospitals
010023,1.98,1.0332666666666668,BAPTIST MEDICAL CENTER SOUTH,AL,Acute Care Hospitals
230104,1.93,1.004,HARPER UNIVERSITY HOSPITAL,MI,Acute Care Hospitals
510022,1.92,1.0395,CHARLESTON AREA MEDICAL CENTER,WV,Acute Care Hospitals
110011,1.92,1.038775,TANNER MEDICAL CENTER - CARROLLTON,GA,Acute Care Hospitals
520037,1.79,1.0231166666666667,MARSHFIELD MEDICAL CENTER,WI,Acute Care Hospitals
330125,1.75,1.0618666666666667,ROCHESTER GENERAL HOSPITAL,NY,Acute Care Hospitals
180044,1.74,1.0601,PIKEVILLE MEDICAL CENTER,KY,Acute Care Hospitals
470001,1.74,1.0394999999999999,CENTRAL VERMONT MEDICAL CENTER,VT,Acute Care Hospitals
330078,1.71,1.0353,SISTERS OF CHARITY HOSPITAL,NY,Acute Care Hospitals
220077,1.69,1.1065666666666667,BAYSTATE MEDICAL CENTER,MA,Acute Care Hospitals
510029,1.68,1.08136,THOMAS MEMORIAL HOSPITAL,WV,Acute Care Hospitals
140166,1.67,1.0576249999999998,ST MARYS HOSPITAL,IL,Acute Care Hospitals
310031,1.64,1.0375999999999999,DEBORAH HEART AND LUNG CENTER,NJ,Acute Care Hospitals
230130,1.64,1.0087166666666667,BEAUMONT HOSPITAL ROYAL OAK,MI,Acute Care Hospitals
090003,1.62,1.0580749999999999,HOWARD UNIVERSITY HOSPITAL CORP,DC,Acute Care Hospitals
220015,1.59,1.044575,"COOLEY DICKINSON HOSPITAL INC,THE",MA,Acute Care Hospitals
360072,1.58,1.1378333333333333,FAIRFIELD MEDICAL CENTER,OH,Acute Care Hospitals
010040,1.58,1.0389166666666667,GADSDEN REGIONAL MEDICAL CENTER,AL,Acute Care Hospitals
450015,1.58,1.02975,PARKLAND HEALTH & HOSPITAL SYSTEM,TX,Acute Care Hospitals
110064,1.58,1.0128750000000002,PIEDMONT COLUMBUS REGIONAL MIDTOWN,GA,Acute Care Hospitals
390180,1.57,1.00475,CROZER CHESTER MEDICAL CENTER,PA,Acute Care Hospitals
190183,1.56,1.01345,LEONARD J CHABERT MEDICAL CENTER,LA,Acute Care Hospitals
100157,1.55,1.0404,LAKELAND REGIONAL MEDICAL CENTER,FL,Acute Care Hospitals
100179,1.55,1.01225,HCA FLORIDA MEMORIAL HOSPITAL,FL,Acute Care Hospitals
360048,1.54,1.0211000000000001,UNIVERSITY OF TOLEDO MEDICAL CENTER,OH,Acute Care Hospitals
330233,1.51,1.01225,BROOKDALE HOSPITAL MEDICAL CENTER,NY,Acute Care Hospitals
330011,1.5,1.02628,"OUR LADY OF LOURDES MEMORIAL HOSPITAL, INC",NY,Acute Care Hospitals
230024,1.5,1.02615,SINAI-GRACE HOSPITAL,MI,Acute Care Hospitals
330044,1.5,1.013675,WYNN HOSPITAL,NY,Acute Care Hospitals
050167,1.49,1.0165666666666666,SAN JOAQUIN GENERAL HOSPITAL,CA,Acute Care Hospitals
420004,1.48,1.0655833333333333,MUSC MEDICAL CENTER,SC,Acute Care Hospitals
330014,1.48,1.05795,JAMAICA HOSPITAL MEDICAL CENTER,NY,Acute Care Hospitals
110006,1.47,1.12386,ST MARY'S HOSPITAL,GA,Acute Care Hospitals
310011,1.47,1.02365,CAPE REGIONAL MEDICAL CENTER INC,NJ,Acute Care Hospitals
250141,1.47,1.0191,BAPTIST MEMORIAL HOSPITAL DESOTO,MS,Acute Care Hospitals
390174,1.46,1.1137666666666668,THOMAS JEFFERSON UNIVERSITY HOSPITAL,PA,Acute Care Hospitals
100128,1.46,1.0523166666666668,TAMPA GENERAL HOSPITAL,FL,Acute Care Hospitals
110076,1.45,1.06246,EMORY DECATUR HOSPITAL,GA,Acute Care Hospitals
010016,1.45,1.0396999999999998,SHELBY BAPTIST MEDICAL CENTER,AL,Acute Care Hospitals
330005,1.44,1.0028,KALEIDA HEALTH,NY,Acute Care Hospitals
160033,1.43,1.0648833333333334,GENESIS MEDICAL CENTER-DAVENPORT,IA,Acute Care Hospitals
050017,1.43,1.05135,MERCY GENERAL HOSPITAL,CA,Acute Care Hospitals
310040,1.43,1.0087333333333335,CAREPOINT HEALTH-HOBOKEN UNIVERSITY MEDICAL CENTER,NJ,Acute Care Hospitals
140182,1.42,1.037275,ADVOCATE ILLINOIS MASONIC MEDICAL CENTER,IL,Acute Care Hospitals
260011,1.42,1.0095,SSM HEALTH ST. MARY'S HOSPITAL - JEFFERSON CITY,MO,Acute Care Hospitals
030061,1.41,1.0170000000000001,BANNER BOSWELL MEDICAL CENTER,AZ,Acute Care Hospitals
360155,1.4,1.09096,SOUTHWEST GENERAL HEALTH CENTER,OH,Acute Care Hospitals
310014,1.4,1.0777166666666667,COOPER UNIVERSITY HOSPITAL,NJ,Acute Care Hospitals
490022,1.4,1.0681666666666667,MARY WASHINGTON HOSPITAL,VA,Acute Care Hospitals
330396,1.4,1.0247,WOODHULL MEDICAL & MENTAL HEALTH CENTER,NY,Acute Care Hospitals
390164,1.4,1.0172999999999999,UPMC PRESBYTERIAN SHADYSIDE,PA,Acute Care Hospitals
470005,1.38,1.0152,RUTLAND REGIONAL MEDICAL CENTER,VT,Acute Care Hospitals
390045,1.38,1.0054666666666667,UPMC WILLIAMSPORT,PA,Acute Care Hospitals
140276,1.37,1.0458166666666668,LOYOLA UNIVERSITY MEDICAL CENTER,IL,Acute Care Hospitals
360059,1.37,1.0336750000000001,METROHEALTH SYSTEM,OH,Acute Care Hospitals
140007,1.37,1.0242166666666666,SAINT JOSEPH MEDICAL CENTER,IL,Acute Care Hospitals
220070,1.36,1.1505800000000002,MELROSEWAKEFIELD HEALTHCARE,MA,Acute Care Hospitals
050464,1.36,1.09078,DOCTORS MEDICAL CENTER,CA,Acute Care Hospitals
390156,1.36,1.048575,MERCY CATHOLIC MEDICAL CENTER- MERCY FITZGERALD,PA,Acute Care Hospitals
500024,1.36,1.0211166666666667,PROVIDENCE ST PETER HOSPITAL,WA,Acute Care Hospitals
390123,1.36,1.01624,POTTSTOWN HOSPITAL,PA,Acute Care Hospitals
390147,1.36,1.0077500000000001,PENN HIGHLANDS MON VALLEY,PA,Acute Care Hospitals
050351,1.36,1.0022666666666666,TORRANCE MEMORIAL MEDICAL CENTER,CA,Acute Care Hospitals
180010,1.35,1.0495666666666665,SAINT JOSEPH HOSPITAL,KY,Acute Care Hospitals
120001,1.34,1.0175666666666665,THE QUEENS MEDICAL CENTER,HI,Acute Care Hospitals
450237,1.34,1.0146499999999998,CHRISTUS SANTA ROSA MEDICAL CENTER,TX,Acute Care Hospitals
450010,1.34,1.0039,UNITED REGIONAL HEALTH CARE SYSTEM,TX,Acute Care Hospitals
190040,1.33,1.0904399999999999,SLIDELL MEMORIAL HOSPITAL,LA,Acute Care Hospitals
450352,1.33,1.01128,HUNT REGIONAL MEDICAL CENTER,TX,Acute Care Hospitals
220116,1.32,1.1393333333333333,TUFTS MEDICAL CENTER,MA,Acute Care Hospitals
140082,1.32,1.10118,LOUIS A WEISS MEMORIAL HOSPITAL,IL,Acute Care Hospitals
360020,1.32,1.0573333333333332,SUMMA HEALTH SYSTEM,OH,Acute Care Hospitals
110034,1.32,1.03112,"WELLSTAR MCG HEALTH, AFFILIATED WITH MED COL",GA,Acute Care Hospitals
250001,1.32,1.0227000000000002,UNIVERSITY OF MISSISSIPPI MED CENTER,MS,Acute Care Hospitals
300012,1.31,1.0323,ELLIOT HOSPITAL,NH,Acute Care Hospitals
180043,1.31,1.01945,AdventHealthManchester,KY,Acute Care Hospitals
450024,1.31,1.0149,UNIVERSITY MEDICAL CENTER OF EL PASO,TX,Acute Care Hospitals
450876,1.31,1.00454,LUBBOCK HEART HOSPITAL LP,TX,Acute Care Hospitals
030006,1.3,1.0797333333333332,TUCSON MEDICAL CENTER,AZ,Acute Care Hospitals
310025,1.3,1.07546,CAREPOINT HEALTH - BAYONNE MEDICAL CENTER,NJ,Acute Care Hospitals
110007,1.3,1.0386499999999999,PHOEBE PUTNEY MEMORIAL HOSPITAL,GA,Acute Care Hospitals
210040,1.3,1.032425,NORTHWEST HOSPITAL CENTER,MD,Acute Care Hospitals
040055,1.3,1.0314599999999998,BAPTIST HEALTH - FORT SMITH,AR,Acute Care Hospitals
100022,1.3,1.01545,JACKSON HEALTH SYSTEM,FL,Acute Care Hospitals
500139,1.29,1.05416,CAPITAL MEDICAL CENTER,WA,Acute Care Hospitals
230273,1.29,1.0273249999999998,DETROIT RECEIVING HOSPITAL,MI,Acute Care Hospitals
420002,1.29,1.0104,PIEDMONT MEDICAL CENTER,SC,Acute Care Hospitals
220019,1.28,1.0860666666666667,UMASS MEMORIAL HEALTH - HARRINGTON HOSPITAL,MA,Acute Care Hospitals
140062,1.28,1.0843333333333334,PALOS COMMUNITY HOSPITAL,IL,Acute Care Hospitals
330399,1.28,1.02875,ST BARNABAS HOSPITAL,NY,Acute Care Hospitals
340070,1.27,1.0406999999999997,ALAMANCE REGIONAL MEDICAL CENTER,NC,Acute Care Hospitals
390101,1.27,1.0300999999999998,UPMC MEMORIAL,PA,Acute Care Hospitals
440003,1.27,1.0102499999999999,HIGHPOINT HEALTH-SUMNER WITH ASCENSION SAINT THOMA,TN,Acute Care Hospitals
030024,1.27,1.00838,ST JOSEPHS HOSPITAL AND MEDICAL CENTER,AZ,Acute Care Hospitals
330395,1.26,1.1635,ST JOHN'S EPISCOPAL HOSPITAL AT SOUTH SHORE,NY,Acute Care Hospitals
100077,1.26,1.0937999999999999,Adventhealth Port Charlotte,FL,Acute Care Hospitals
030092,1.26,1.0729,HONORHEALTH DEER VALLEY MEDICAL CENTER,AZ,Acute Care Hospitals
100110,1.26,1.05268,HCA FLORIDA OSCEOLA HOSPITAL,FL,Acute Care Hospitals
140049,1.26,1.0366333333333333,WEST SUBURBAN MEDICAL CENTER,IL,Acute Care Hospitals
110025,1.26,1.01854,SOUTHEAST GEORGIA HEALTH SYSTEM- BRUNSWICK CAMPUS,GA,Acute Care Hospitals
110095,1.26,1.016875,TIFT REGIONAL MEDICAL CENTER,GA,Acute Care Hospitals
330265,1.25,1.05225,CLIFTON SPRINGS HOSPITAL AND CLINIC,NY,Acute Care Hospitals
330218,1.25,1.0283666666666667,OSWEGO HOSPITAL,NY,Acute Care Hospitals
450222,1.24,1.06174,HCA HOUSTON HEALTHCARE CONROE,TX,Acute Care Hospitals
310016,1.24,1.013275,CAREPOINT HEALTH-CHRIST HOSPITAL,NJ,Acute Care Hospitals
330065,1.24,1.0070999999999999,NIAGARA FALLS MEMORIAL MEDICAL CENTER,NY,Acute Care Hospitals
030115,1.24,1.00396,BANNER ESTRELLA MEDICAL CENTER,AZ,Acute Care Hospitals
330027,1.23,1.0907333333333333,NASSAU UNIVERSITY MEDICAL CENTER,NY,Acute Care Hospitals
440050,1.23,1.0684666666666667,GREENEVILLE COMMUNITY HOSPITAL,TN,Acute Care Hospitals
440183,1.23,1.0456,ST FRANCIS HOSPITAL,TN,Acute Care Hospitals
110079,1.23,1.039325,GRADY MEMORIAL HOSPITAL,GA,Acute Care Hospitals
330059,1.23,1.0363499999999999,MONTEFIORE MEDICAL CENTER,NY,Acute Care Hospitals
450137,1.23,1.0339,BAYLOR SCOTT AND WHITE ALL SAINTS MEDICAL CENTER,TX,Acute Care Hospitals
030065,1.23,1.03292,BANNER DESERT MEDICAL CENTER,AZ,Acute Care Hospitals
440063,1.23,1.0299333333333334,JOHNSON CITY MEDICAL CENTER,TN,Acute Care Hospitals
390163,1.23,1.0244333333333333,ACMH HOSPITAL,PA,Acute Care Hospitals
100017,1.23,1.02415,HALIFAX HEALTH MEDICAL CENTER,FL,Acute Care Hospitals
050280,1.23,1.0217833333333335,MERCY MEDICAL CENTER REDDING,CA,Acute Care Hospitals
160045,1.23,1.0063,ST LUKES HOSPITAL,IA,Acute Care Hospitals
240075,1.23,1.00192,ESSENTIA HEALTH ST JOSEPH'S MEDICAL CENTER,MN,Acute Care Hospitals
310111,1.22,1.063875,CENTRASTATE MEDICAL CENTER,NJ,Acute Care Hospitals
050026,1.22,1.0423166666666666,GROSSMONT HOSPITAL,CA,Acute Care Hospitals
050624,1.22,1.032425,HENRY MAYO NEWHALL  HOSPITAL,CA,Acute Care Hospitals
290053,1.22,1.03132,SAINT ROSE DOMINICAN HOSPITALS - SAN MARTIN CAMPUS,NV,Acute Care Hospitals
220100,1.21,1.0671200000000003,SOUTH SHORE HOSPITAL,MA,Acute Care Hospitals
390114,1.21,1.0443666666666667,MAGEE WOMENS HOSPITAL OF UPMC HEALTH SYSTEM,PA,Acute Care Hospitals
230227,1.21,1.0187,MCLAREN MACOMB,MI,Acute Care Hospitals
110078,1.21,1.0116,EMORY UNIVERSITY HOSPITAL MIDTOWN,GA,Acute Care Hospitals
310012,1.21,1.0078500000000001,VALLEY HOSPITAL,NJ,Acute Care Hospitals
310092,1.21,1.0047333333333333,CAPITAL HEALTH REGIONAL MEDICAL CENTER,NJ,Acute Care Hospitals
440056,1.21,1.0023666666666666,TENNOVA HEALTHCARE-JEFFERSON MEMORIAL HOSPITAL,TN,Acute Care Hospitals
330057,1.2,1.06645,ST PETER'S HOSPITAL,NY,Acute Care Hospitals
220063,1.2,1.06006,LOWELL GENERAL HOSPITAL,MA,Acute Care Hospitals
030022,1.2,1.0407000000000002,VALLEYWISE HEALTH MEDICAL CENTER,AZ,Acute Care Hospitals
390173,1.2,1.01594,INDIANA REGIONAL MEDICAL CENTER,PA,Acute Care Hospitals
100173,1.2,1.0156,ADVENTHEALTH TAMPA,FL,Acute Care Hospitals
050701,1.2,1.0081333333333333,SOUTHWEST HEALTHCARE RANCHO SPRINGS HOSPITAL,CA,Acute Care Hospitals
140018,1.2,1.00645,MT SINAI HOSPITAL MEDICAL CENTER,IL,Acute Care Hospitals
110018,1.2,1.00106,PIEDMONT NEWTON HOSPITAL,GA,Acute Care Hospitals
050551,1.19,1.10166,UCI HEALTH - LOS ALAMITOS,CA,Acute Care Hospitals
100256,1.19,1.0798333333333332,HCA FLORIDA BAYONET POINT HOSPITAL,FL,Acute Care Hospitals
230099,1.19,1.076425,PROMEDICA MONROE REGIONAL HOSPITAL,MI,Acute Care Hospitals
450231,1.19,1.0553166666666667,BSA HOSPITAL,TX,Acute Care Hospitals
390145,1.19,1.0466,EXCELA HEALTH WESTMORELAND REGIONAL HOSPITAL,PA,Acute Care Hospitals
340042,1.19,1.0320333333333334,ONSLOW MEMORIAL HOSPITAL,NC,Acute Care Hospitals
050100,1.19,1.0301666666666667,SHARP MEMORIAL HOSPITAL,CA,Acute Care Hospitals
140164,1.19,1.02854,MEMORIAL HOSPITAL OF CARBONDALE,IL,Acute Care Hospitals
500129,1.19,1.0274333333333332,TACOMA GENERAL ALLENMORE HOSPITAL,WA,Acute Care Hospitals
330140,1.18,1.07935,ST JOSEPH'S HOSPITAL HEALTH CENTER,NY,Acute Care Hospitals
170068,1.18,1.075425,SOUTHWEST MEDICAL CENTER,KS,Acute Care Hospitals
240001,1.18,1.0691199999999998,NORTH MEMORIAL HEALTH HOSPITAL,MN,Acute Care Hospitals
100168,1.18,1.0514,BOCA RATON REGIONAL HOSPITAL,FL,Acute Care Hospitals
040118,1.18,1.0475999999999999,"BAPTIST MEMORIAL HOSPITAL JONESBORO, INC.",AR,Acute Care Hospitals
370089,1.18,1.04116,NORTHEASTERN HEALTH SYSTEM,OK,Acute Care Hospitals
010149,1.18,1.037075,BAPTIST MEDICAL CENTER EAST,AL,Acute Care Hospitals
450119,1.18,1.02814,SOUTH TEXAS HEALTH SYSTEM,TX,Acute Care Hospitals
320018,1.18,1.0250400000000002,MEMORIAL MEDICAL CENTER,NM,Acute Care Hospitals
100350,1.18,1.0245000000000002,UCF LAKE NONA HOSPITAL,FL,Acute Care Hospitals
330197,1.18,1.023425,CANTON-POTSDAM HOSPITAL,NY,Acute Care Hospitals
340130,1.18,1.02088,ATRIUM HEALTH UNION,NC,Acute Care Hospitals
180012,1.18,1.020775,BAPTIST HEALTH HARDIN,KY,Acute Care Hospitals
520021,1.18,1.0205,FROEDTERT SOUTH INC.,WI,Acute Care Hospitals
220033,1.18,1.01444,NORTHEAST HOSPITAL CORPORATION,MA,Acute Care Hospitals
050248,1.18,1.0088,NATIVIDAD MEDICAL CENTER,CA,Acute Care Hospitals
040029,1.18,1.0052999999999999,"CONWAY REGIONAL MEDICAL CENTER, INC",AR,Acute Care Hospitals
230167,1.18,1.0012166666666669,MCLAREN GREATER LANSING,MI,Acute Care Hospitals
390265,1.17,1.0882666666666667,JEFFERSON HOSPITAL,PA,Acute Care Hospitals
330203,1.17,1.05322,CROUSE HOSPITAL,NY,Acute Care Hospitals
100088,1.17,1.0438333333333334,BAPTIST HEALTH MEDICAL CENTER - JACKSONVILLE,FL,Acute Care Hospitals
500150,1.17,1.0248599999999999,LEGACY SALMON CREEK MEDICAL CENTER,WA,Acute Care Hospitals
340159,1.17,1.0239500000000001,PERSON MEMORIAL HOSPITAL,NC,Acute Care Hospitals
010113,1.17,1.0132166666666667,MOBILE INFIRMARY MEDICAL CENTER,AL,Acute Care Hospitals
450388,1.17,1.0093500000000002,METHODIST HOSPITAL,TX,Acute Care Hospitals
490023,1.17,1.0044,FAUQUIER HOSPITAL,VA,Acute Care Hospitals
220135,1.17,1.00438,FALMOUTH HOSPITAL,MA,Acute Care Hospitals
150011,1.17,1.00415,MARION GENERAL HOSPITAL,IN,Acute Care Hospitals
010033,1.16,1.15155,UNIVERSITY OF ALABAMA HOSPITAL,AL,Acute Care Hospitals
260025,1.16,1.0713400000000002,HANNIBAL REGIONAL HOSPITAL,MO,Acute Care Hospitals
230146,1.16,1.0655999999999999,WYANDOTTE HOSPITAL AND MEDICAL CENTER,MI,Acute Care Hospitals
100253,1.16,1.0604333333333333,JUPITER MEDICAL CENTER,FL,Acute Care Hospitals
080004,1.16,1.04695,"BAYHEALTH MEDICAL CENTER, KENT CAMPUS",DE,Acute Care Hospitals
030084,1.16,1.044,CHINLE COMPREHENSIVE HEALTH CARE FACILITY,AZ,Acute Care Hospitals
270017,1.16,1.0374249999999998,ST JAMES HOSPITAL,MT,Acute Care Hospitals
230142,1.16,1.03575,COREWELL HEALTH WAYNE HOSPITAL,MI,Acute Care Hospitals
320030,1.16,1.0339666666666667,ARTESIA GENERAL HOSPITAL,NM,Acute Care Hospitals
390198,1.16,1.0293999999999999,LECOM MEDICAL CENTER AND BEHAVIORAL HEALTH PAV,PA,Acute Care Hospitals
390067,1.16,1.0272999999999999,UPMC PINNACLE HOSPITALS,PA,Acute Care Hospitals
520066,1.16,1.0184999999999997,MERCY HEALTH SYSTEM CORP,WI,Acute Care Hospitals
140288,1.16,1.0174833333333333,ADVOCATE GOOD SAMARITAN HOSPITAL,IL,Acute Care Hospitals
450330,1.16,1.0071,OAKBEND MEDICAL CENTER,TX,Acute Care Hospitals
450711,1.16,1.0059,RIO GRANDE REGIONAL HOSPITAL,TX,Acute Care Hospitals
330204,1.16,1.005875,BELLEVUE HOSPITAL CENTER,NY,Acute Care Hospitals
010021,1.16,1.002,DALE MEDICAL CENTER,AL,Acute Care Hospitals
150002,1.15,1.08535,METHODIST HOSPITALS INC,IN,Acute Care Hospitals
100080,1.15,1.0765166666666666,HCA FLORIDA JFK HOSPITAL,FL,Acute Care Hospitals
170176,1.15,1.0709666666666668,OVERLAND PARK REG MED CTR,KS,Acute Care Hospitals
050581,1.15,1.04308,UCI HEALTH-LAKEWOOD,CA,Acute Care Hospitals
450083,1.15,1.0416333333333332,UT HEALTH EAST TEXAS TYLER REGIONAL HOSPITAL,TX,Acute Care Hospitals
260091,1.15,1.03885,SSM HEALTH ST MARY'S HOSPITAL - ST LOUIS,MO,Acute Care Hospitals
330277,1.15,1.0287666666666666,CORNING HOSPITAL,NY,Acute Care Hospitals
250084,1.15,1.0200333333333333,MERIT HEALTH NATCHEZ,MS,Acute Care Hospitals
360147,1.15,1.018225,MARIETTA MEMORIAL HOSPITAL,OH,Acute Care Hospitals
380090,1.15,1.0125600000000001,BAY AREA HOSPITAL,OR,Acute Care Hospitals
520202,1.15,1.0111249999999998,MARSHFIELD MEDICAL CENTER - WESTON,WI,Acute Care Hospitals
310108,1.15,1.0102,JFK UNIVERSITY MEDICAL CENTER,NJ,Acute Care Hospitals
190036,1.15,1.0091833333333333,OCHSNER MEDICAL CENTER ACUTE,LA,Acute Care Hospitals
330058,1.15,1.0088000000000001,GENEVA GENERAL HOSPITAL,NY,Acute Care Hospitals
500003,1.15,1.0036,SKAGIT VALLEY HOSPITAL,WA,Acute Care Hospitals
310118,1.15,1.00115,HUDSON REGIONAL HOSPITAL,NJ,Acute Care Hospitals
050760,1.14,1.1363,KAISER FOUNDATION HOSPITAL - ANTIOCH,CA,Acute Care Hospitals
310038,1.14,1.1265333333333334,ROBERT WOOD JOHNSON UNIVERSITY HOSPITAL,NJ,Acute Care Hospitals
230195,1.14,1.0848200000000001,Henry Ford Health Warren Hospital,MI,Acute Care Hospitals
440084,1.14,1.0713,SWEETWATER HOSPITAL ASSOCIATION,TN,Acute Care Hospitals
370056,1.14,1.0712333333333333,COMANCHE COUNTY MEMORIAL HOSPITAL,OK,Acute Care Hospitals
260105,1.14,1.0579399999999999,SSM HEALTH SAINT LOUIS UNIVERSITY HOSPITAL,MO,Acute Care Hospitals
450638,1.14,1.0508,HCA HOUSTON HEALTHCARE NORTHWEST,TX,Acute Care Hospitals
030016,1.14,1.0380500000000001,BANNER CASA GRANDE MEDICAL CENTER,AZ,Acute Care Hospitals
390097,1.14,1.02766,HOLY REDEEMER HOSPITAL AND MEDICAL CENTER,PA,Acute Care Hospitals
050089,1.14,1.02425,COMMUNITY HOSPITAL OF SAN BERNARDINO,CA,Acute Care Hospitals
360035,1.14,1.0220500000000001,MOUNT CARMEL EAST & WEST,OH,Acute Care Hospitals
140068,1.14,1.0129666666666666,ROSELAND COMMUNITY HOSPITAL,IL,Acute Care Hospitals
050242,1.14,1.0124833333333332,DOMINICAN HOSPITAL,CA,Acute Care Hospitals
230270,1.14,1.0117,BEAUMONT HOSPITAL - TAYLOR,MI,Acute Care Hospitals
330127,1.14,1.0097333333333334,JACOBI MEDICAL CENTER,NY,Acute Care Hospitals
050040,1.14,1.0063333333333333,LAC/OLIVE VIEW-UCLA MEDICAL CENTER,CA,Acute Care Hospitals
010006,1.14,1.0002166666666668,NORTH ALABAMA MEDICAL CENTER,AL,Acute Care Hospitals
310083,1.13,1.1467,CAREWELL HEALTH MEDICAL CENTER,NJ,Acute Care Hospitals
100238,1.13,1.1359833333333333,HCA FLORIDA NORTHSIDE HOSPITAL,FL,Acute Care Hospitals
050471,1.13,1.07235,PIH HEALTH GOOD SAMARITAN HOSPITAL,CA,Acute Care Hospitals
100167,1.13,1.0642800000000001,HCA FLORIDA MERCY HOSPITAL,FL,Acute Care Hospitals
520011,1.13,1.0641,MARSHFIELD MEDICAL CENTER - RICE LAKE,WI,Acute Care Hospitals
450678,1.13,1.0512333333333335,WHITE ROCK MEDICAL CENTER,TX,Acute Care Hospitals
450662,1.13,1.042475,VALLEY REGIONAL MEDICAL CENTER,TX,Acute Care Hospitals
450044,1.13,1.0397166666666668,UT OF TEXAS  SOUTHWESTERN UNIVERSITY HOSPITAL - WILLIAM P. CLEMENTS JR.,TX,Acute Care Hospitals
180009,1.13,1.036,KING'S DAUGHTERS' MEDICAL CENTER,KY,Acute Care Hospitals
140150,1.13,1.0280399999999998,UNIVERSITY OF ILLINOIS HOSPITAL AND CLINICS,IL,Acute Care Hospitals
140115,1.13,1.0175,THOREK MEMORIAL HOSPITAL,IL,Acute Care Hospitals
210022,1.13,1.0150833333333333,SUBURBAN HOSPITAL,MD,Acute Care Hospitals
360017,1.13,1.0116,GRANT MEDICAL CENTER,OH,Acute Care Hospitals
290039,1.13,1.0086000000000002,MOUNTAINVIEW HOSPITAL,NV,Acute Care Hospitals
020008,1.13,1.0006666666666668,BARTLETT REGIONAL HOSPITAL,AK,Acute Care Hospitals
370025,1.12,1.11958,SAINT FRANCIS HOSPITAL MUSKOGEE,OK,Acute Care Hospitals
050228,1.12,1.1077600000000003,ZUCKERBERG SAN FRANCISCO GENERAL HOSP & TRAUMA CTR,CA,Acute Care Hospitals
330030,1.12,1.0920666666666665,NEWARK-WAYNE COMMUNITY HOSPITAL,NY,Acute Care Hospitals
100281,1.12,1.0918,MEMORIAL HOSPITAL WEST,FL,Acute Care Hospitals
160124,1.12,1.06915,LAKES REGIONAL HEALTHCARE,IA,Acute Care Hospitals
420010,1.12,1.0663666666666665,CAROLINA PINES REGIONAL MEDICAL CENTER,SC,Acute Care Hospitals
070029,1.12,1.0593666666666666,BRISTOL HOSPITAL,CT,Acute Care Hospitals
310044,1.12,1.0452400000000002,CAPITAL HEALTH MEDICAL CENTER - HOPEWELL,NJ,Acute Care Hospitals
060014,1.12,1.0394999999999999,HCA HEALTHONE PRESBYTERIAN ST LUKES,CO,Acute Care Hospitals
050407,1.12,1.0302666666666667,CHINESE HOSPITAL,CA,Acute Care Hospitals
050222,1.12,1.02698,SHARP CHULA VISTA MEDICAL CENTER,CA,Acute Care Hospitals
230059,1.12,1.02374,MERCY HEALTH SAINT MARY'S,MI,Acute Care Hospitals
110069,1.12,1.0219,EMORY HOUSTON HOSPITAL WARNER ROBINS,GA,Acute Care Hospitals
330160,1.12,1.0219,STATEN ISLAND UNIVERSITY HOSPITAL,NY,Acute Care Hospitals
100045,1.12,1.021575,ADVENTHEALTH DELAND,FL,Acute Care Hospitals
140158,1.12,1.0213,INSIGHT HOSPITAL AND MEDICAL CENTER CHICAGO,IL,Acute Care Hospitals
450133,1.12,1.01716,MIDLAND MEMORIAL HOSPITAL,TX,Acute Care Hospitals
150008,1.12,1.0067333333333333,ST CATHERINE HOSPITAL INC,IN,Acute Care Hospitals
150012,1.12,1.00122,SAINT JOSEPH REGIONAL MEDICAL CENTER,IN,Acute Care Hospitals
230075,1.11,1.0893000000000002,BRONSON BATTLE CREEK HOSPITAL,MI,Acute Care Hospitals
450853,1.11,1.0748,BAYLOR SCOTT & WHITE MEDICAL CENTER - FRISCO,TX,Acute Care Hospitals
230259,1.11,1.0624500000000001,CHELSEA HOSPITAL,MI,Acute Care Hospitals
450668,1.11,1.05928,SIERRA MEDICAL CENTER,TX,Acute Care Hospitals
220176,1.11,1.0528833333333334,ST VINCENT HOSPITAL,MA,Acute Care Hospitals
330224,1.11,1.0405000000000002,HEALTHALLIANCE HOSPITAL MARYS AVENUE CAMPUS,NY,Acute Care Hospitals
180011,1.11,1.0326,SAINT JOSEPH LONDON,KY,Acute Care Hospitals
100007,1.1,1.1425833333333335,ADVENTHEALTH ORLANDO,FL,Acute Care Hospitals
190015,1.1,1.05606,NORTH OAKS MEDICAL CENTER,LA,Acute Care Hospitals
420049,1.1,1.050975,CONWAY MEDICAL CENTER,SC,Acute Care Hospitals
330264,1.1,1.0398200000000002,MONTEFIORE ST LUKE'S CORNWALL,NY,Acute Care Hospitals
310058,1.1,1.0355,BERGEN NEW BRIDGE MEDICAL CENTER,NJ,Acute Care Hospitals
360172,1.1,1.0338999999999998,MERCY REGIONAL MEDICAL CENTER,OH,Acute Care Hospitals
140289,1.1,1.0323,ANDERSON HOSPITAL,IL,Acute Care Hospitals
100034,1.1,1.0235,"MOUNT SINAI MEDICAL CENTER OF FLORIDA, INC",FL,Acute Care Hospitals
100248,1.1,1.01782,HCA FLORIDA LARGO HOSPITAL,FL,Acute Care Hospitals
390110,1.1,1.01708,CONEMAUGH MEMORIAL MEDICAL CENTER,PA,Acute Care Hospitals
260081,1.1,1.01356,SSM ST CLARE HEALTH CENTER,MO,Acute Care Hospitals
010100,1.1,1.0030333333333332,THOMAS HOSPITAL,AL,Acute Care Hospitals
440059,1.09,1.0795666666666668,COOKEVILLE REGIONAL MEDICAL CENTER,TN,Acute Care Hospitals
050236,1.09,1.07298,ADVENTIST HEALTH SIMI VALLEY,CA,Acute Care Hospitals
220175,1.09,1.072325,METROWEST MEDICAL CENTER,MA,Acute Care Hospitals
050060,1.09,1.07098,COMMUNITY REGIONAL MEDICAL CENTER,CA,Acute Care Hospitals
450018,1.09,1.0701,UNIVERSITY OF TEXAS MEDICAL BRANCH GALVESTON,TX,Acute Care Hospitals
340142,1.09,1.0591000000000002,CARTERET GENERAL HOSPITAL,NC,Acute Care Hospitals
210051,1.09,1.05415,"LUMINIS HEALTH DOCTORS COMMUNITY MEDICAL CTR, INC",MD,Acute Care Hospitals
050485,1.09,1.0492166666666667,MEMORIALCARE LONG BEACH MEDICAL CENTER,CA,Acute Care Hospitals
100302,1.09,1.042625,ORLANDO HEALTH ST CLOUD HOSPITAL,FL,Acute Care Hospitals
060113,1.09,1.03654,AdventHealth Littleton,CO,Acute Care Hospitals
140172,1.09,1.03166,FRANCISCAN HEALTH OLYMPIA & CHICAGO HEIGHTS,IL,Acute Care Hospitals
220171,1.09,1.0293333333333334,"LAHEY HOSPITAL & MEDICAL CENTER, BURLINGTON",MA,Acute Care Hospitals
250048,1.09,1.0281,ST DOMINIC-JACKSON MEMORIAL HOSPITAL,MS,Acute Care Hospitals
020024,1.09,1.024675,CENTRAL PENINSULA GENERAL HOSPITAL,AK,Acute Care Hospitals
490050,1.09,1.02335,VIRGINIA HOSPITAL CENTER,VA,Acute Care Hospitals
100057,1.09,1.0225,ADVENTHEALTH WATERMAN,FL,Acute Care Hospitals
390125,1.09,1.01948,WAYNE MEMORIAL HOSPITAL,PA,Acute Care Hospitals
450686,1.09,1.01922,UNIVERSITY MEDICAL CENTER,TX,Acute Care Hospitals
100142,1.09,1.017375,JACKSON HOSPITAL,FL,Acute Care Hospitals
010090,1.09,1.0155166666666666,"USA HEALTH HCA PROVIDENCE HOSPITAL, LLC",AL,Acute Care Hospitals
100121,1.09,1.0138749999999999,BARTOW REGIONAL MEDICAL CENTER,FL,Acute Care Hospitals
190176,1.09,1.0118333333333334,EAST JEFFERSON GENERAL HOSPITAL,LA,Acute Care Hospitals
030094,1.09,1.0007333333333335,ABRAZO ARROWHEAD HOSPITAL,AZ,Acute Care Hospitals
330196,1.08,1.10785,SOUTH BROOKLYN HEALTH,NY,Acute Care Hospitals
360360,1.08,1.090875,SOIN MEDICAL CENTER,OH,Acute Care Hospitals
180088,1.08,1.0760833333333335,"NORTON HOSPITALS, INC",KY,Acute Care Hospitals
330028,1.08,1.07492,RICHMOND UNIVERSITY MEDICAL CENTER,NY,Acute Care Hospitals
140191,1.08,1.05312,INGALLS MEMORIAL HOSPITAL,IL,Acute Care Hospitals
330023,1.08,1.0494800000000002,VASSAR BROTHERS MEDICAL CENTER,NY,Acute Care Hospitals
100053,1.08,1.048275,HIALEAH HOSPITAL,FL,Acute Care Hospitals
150082,1.08,1.04565,DEACONESS HOSPITAL INC,IN,Acute Care Hospitals
210016,1.08,1.0383666666666667,ADVENTIST HEALTHCARE WHITE OAK MEDICAL CENTER,MD,Acute Care Hospitals
450211,1.08,1.036025,CHI ST LUKES HEALTH MEMORIAL LUFKIN,TX,Acute Care Hospitals
250078,1.08,1.0356833333333333,FORREST GENERAL HOSPITAL,MS,Acute Care Hospitals
450289,1.08,1.0334,HARRIS HEALTH,TX,Acute Care Hospitals
310034,1.08,1.0303399999999998,RIVERVIEW MEDICAL CENTER,NJ,Acute Care Hospitals
100043,1.08,1.029425,MEASE DUNEDIN HOSPITAL,FL,Acute Care Hospitals
340041,1.08,1.02796,CALDWELL MEMORIAL HOSPITAL,NC,Acute Care Hospitals
450087,1.08,1.0248399999999998,MEDICAL CITY NORTH HILLS,TX,Acute Care Hospitals
390267,1.08,1.02185,FORBES HOSPITAL,PA,Acute Care Hospitals
450033,1.08,1.01932,VHS HARLINGEN HOSPITAL COMPANY LLC,TX,Acute Care Hospitals
360132,1.08,1.0137,FORT HAMILTON HUGHES MEMORIAL HOSPITAL,OH,Acute Care Hospitals
210033,1.08,1.0100500000000001,CARROLL HOSPITAL CENTER,MD,Acute Care Hospitals
340119,1.08,1.0099666666666667,STANLY REGIONAL MEDICAL CENTER,NC,Acute Care Hospitals
280077,1.08,1.00742,METHODIST FREMONT HEALTH,NE,Acute Care Hospitals
190026,1.08,1.0064199999999999,RAPIDES REGIONAL MEDICAL CENTER,LA,Acute Care Hospitals
450788,1.08,1.00366,"CORPUS CHRISTI MEDICAL CENTER,THE",TX,Acute Care Hospitals
050261,1.08,1.0027199999999998,SIERRA VIEW MEDICAL CENTER,CA,Acute Care Hospitals
330019,1.07,1.1778,"NEW YORK COMMUNITY HOSPITAL OF BROOKLYN, INC.",NY,Acute Care Hospitals
050481,1.07,1.098,UCLA WEST VALLEY MEDICAL CENTER,CA,Acute Care Hospitals
420051,1.07,1.0699666666666667,MCLEOD REGIONAL MEDICAL CENTER-PEE DEE,SC,Acute Care Hospitals
340068,1.07,1.0579,COLUMBUS REGIONAL HEALTHCARE SYSTEM,NC,Acute Care Hospitals
420030,1.07,1.054875,COLLETON MEDICAL CENTER,SC,Acute Care Hospitals
100176,1.07,1.0516500000000002,PALM BEACH GARDENS MEDICAL CENTER,FL,Acute Care Hospitals
180018,1.07,1.0397,ST CLAIRE REGIONAL MEDICAL CENTER,KY,Acute Care Hospitals
190006,1.07,1.0375666666666667,OCHSNER UNIVERSITY HOSPITAL AND CLINICS,LA,Acute Care Hospitals
110161,1.07,1.03686,NORTHSIDE HOSPITAL,GA,Acute Care Hospitals
450518,1.07,1.03126,THE MEDICAL CENTER OF SOUTHEAST TEXAS,TX,Acute Care Hospitals
110215,1.07,1.0287599999999997,PIEDMONT FAYETTE HOSPITAL,GA,Acute Care Hospitals
180116,1.07,1.0242666666666667,JACKSON PURCHASE MEDICAL CENTER,KY,Acute Care Hospitals
050056,1.07,1.0219500000000001,ANTELOPE VALLEY HOSPITAL,CA,Acute Care Hospitals
250019,1.07,1.02,MEMORIAL HOSPITAL AT GULFPORT,MS,Acute Care Hospitals
030119,1.07,1.01916,MERCY GILBERT MEDICAL CENTER,AZ,Acute Care Hospitals
180035,1.07,1.0162666666666667,ST ELIZABETH EDGEWOOD,KY,Acute Care Hospitals
150034,1.07,1.0131166666666667,ST MARY MEDICAL CENTER INC,IN,Acute Care Hospitals
510038,1.07,1.012175,STONEWALL JACKSON MEMORIAL HOSPITAL,WV,Acute Care Hospitals
390142,1.07,1.0106166666666667,JEFFERSON EINSTEIN PHILADELPHIA HOSPITAL,PA,Acute Care Hospitals
050038,1.07,1.00475,SANTA CLARA VALLEY MEDICAL CENTER,CA,Acute Care Hospitals
420067,1.07,1.0046599999999999,BEAUFORT COUNTY MEMORIAL HOSPITAL,SC,Acute Care Hospitals
170104,1.07,1.00005,ADVENTHEALTH SHAWNEE MISSION,KS,Acute Care Hospitals
330226,1.06,1.1007200000000001,UNITY HOSPITAL,NY,Acute Care Hospitals
230029,1.06,1.0782333333333332,TRINITY HEALTH OAKLAND HOSPITAL,MI,Acute Care Hospitals
030087,1.06,1.0641333333333334,HONORHEALTH SCOTTSDALE SHEA MEDICAL CENTER,AZ,Acute Care Hospitals
100052,1.06,1.0547799999999998,WINTER HAVEN HOSPITAL,FL,Acute Care Hospitals
110044,1.06,1.0468666666666666,PHOEBE SUMTER MEDICAL CENTER,GA,Acute Care Hospitals
050149,1.06,1.04685,CALIFORNIA HOSPITAL MEDICAL CENTER LA,CA,Acute Care Hospitals
010007,1.06,1.0399,MIZELL MEMORIAL HOSPITAL,AL,Acute Care Hospitals
190053,1.06,1.0391333333333332,OCHSNER AMERICAN LEGION HOSPITAL,LA,Acute Care Hospitals
050084,1.06,1.03036,ST JOSEPH'S MEDICAL CENTER OF STOCKTON,CA,Acute Care Hospitals
310024,1.06,1.02685,ROBERT WOOD JOHNSON UNIVERSITY HOSPITAL AT RAHWAY,NJ,Acute Care Hospitals
340099,1.06,1.023,VIDANT ROANOKE CHOWAN HOSPITAL,NC,Acute Care Hospitals
050320,1.06,1.021,HIGHLAND HOSPITAL,CA,Acute Care Hospitals
340028,1.06,1.0169833333333334,CAPE FEAR VALLEY MEDICAL CENTER,NC,Acute Care Hospitals
200001,1.06,1.0125,ST JOSEPH HOSPITAL,ME,Acute Care Hospitals
140063,1.06,1.0084,RUSH OAK PARK HOSPITAL,IL,Acute Care Hospitals
140067,1.06,1.0075333333333334,SAINT FRANCIS MEDICAL CENTER,IL,Acute Care Hospitals
450484,1.06,1.0019666666666667,WOODLAND HEIGHTS MEDICAL CENTER,TX,Acute Care Hospitals
110073,1.06,1.00075,DORMINY MEDICAL CENTER,GA,Acute Care Hospitals
100086,1.05,1.115,BROWARD HEALTH NORTH,FL,Acute Care Hospitals
240053,1.05,1.1031166666666665,PARK NICOLLET METHODIST HOSPITAL,MN,Acute Care Hospitals
050300,1.05,1.09354,PROVIDENCE ST MARY MEDICAL CENTER,CA,Acute Care Hospitals
110015,1.05,1.0828,TANNER MEDICAL CENTER VILLA RICA,GA,Acute Care Hospitals
330235,1.05,1.0783,AUBURN  COMMUNITY  HOSPITAL,NY,Acute Care Hospitals
100258,1.05,1.0725166666666668,DELRAY MEDICAL CENTER,FL,Acute Care Hospitals
220024,1.05,1.05965,HOLYOKE MEDICAL CENTER,MA,Acute Care Hospitals
390026,1.05,1.0539999999999998,TEMPLE HEALTH - CHESTNUT HILL HOSPITAL,PA,Acute Care Hospitals
450372,1.05,1.0510000000000002,BAYLOR SCOTT & WHITE MEDICAL CENTER- WAXAHACHIE,TX,Acute Care Hospitals
050047,1.05,1.04788,CALIFORNIA PACIFIC MEDICAL CENTER- VAN NESS CAMPUS,CA,Acute Care Hospitals
330279,1.05,1.0436799999999997,MERCY HOSPITAL OF BUFFALO,NY,Acute Care Hospitals
450677,1.05,1.040625,TEXAS HEALTH HUGULEY HOSPITAL FORT WORTH SOUTH,TX,Acute Care Hospitals
100002,1.05,1.0403166666666668,BETHESDA HOSPITAL EAST,FL,Acute Care Hospitals
450747,1.05,1.0378,PALESTINE REGIONAL MEDICAL CENTER,TX,Acute Care Hospitals
110104,1.05,1.0345666666666666,CRISP REGIONAL HOSPITAL,GA,Acute Care Hospitals
390050,1.05,1.0324166666666665,ALLEGHENY GENERAL HOSPITAL,PA,Acute Care Hospitals
450659,1.05,1.0321,HCA HOUSTON HEALTHCARE MEDICAL CENTER,TX,Acute Care Hospitals
520207,1.05,1.0314333333333334,AURORA MEDICAL CENTER,WI,Acute Care Hospitals
450347,1.05,1.0294666666666668,HUNTSVILLE MEMORIAL HOSPITAL,TX,Acute Care Hospitals
330350,1.05,1.0285,SUNY/DOWNSTATE UNIVERSITY HOSPITAL OF BROOKLYN,NY,Acute Care Hospitals
440034,1.05,1.0235333333333334,METHODIST MEDICAL CENTER OF OAK RIDGE,TN,Acute Care Hospitals
040154,1.05,1.022025,BAPTIST HEALTH MEDICAL CENTER- CONWAY,AR,Acute Care Hospitals
420091,1.05,1.017025,MUSC HEALTH FLORENCE MEDICAL CENTER,SC,Acute Care Hospitals
490115,1.05,1.0152666666666665,TWIN COUNTY REGIONAL HOSPITAL,VA,Acute Care Hospitals
180027,1.05,1.00558,MURRAY-CALLOWAY COUNTY HOSPITAL,KY,Acute Care Hospitals
310073,1.05,1.0043833333333334,JERSEY SHORE UNIVERSITY MEDICAL CENTER,NJ,Acute Care Hospitals
110129,1.05,1.00094,ST FRANCIS HOSPITAL- EMORY HEALTHCARE,GA,Acute Care Hospitals
220029,1.04,1.109275,ANNA JAQUES HOSPITAL,MA,Acute Care Hospitals
310022,1.04,1.0947200000000001,WEST JERSEY HOSPITAL,NJ,Acute Care Hospitals
310032,1.04,1.0916000000000001,INSPIRA MEDICAL CENTER VINELAND,NJ,Acute Care Hospitals
390133,1.04,1.0905500000000001,LEHIGH VALLEY HOSPITAL,PA,Acute Care Hospitals
340032,1.04,1.0776000000000001,CAROMONT REGIONAL MEDICAL CENTER,NC,Acute Care Hospitals
190160,1.04,1.07385,GLENWOOD REGIONAL MEDICAL CENTER,LA,Acute Care Hospitals
110002,1.04,1.0612,UPSON REGIONAL MEDICAL CENTER,GA,Acute Care Hospitals
670120,1.04,1.0592333333333335,THE HOSPITALS OF PROVIDENCE TRANSMOUNTAIN CAMPUS,TX,Acute Care Hospitals
290003,1.04,1.0545166666666665,SUNRISE HOSPITAL AND MEDICAL CENTER,NV,Acute Care Hospitals
100099,1.04,1.0528333333333333,ADVENTHEALTH LAKE WALES,FL,Acute Care Hospitals
140093,1.04,1.0504,OSF SACRED HEART MEDICAL CENTER,IL,Acute Care Hospitals
120014,1.04,1.03695,WILCOX MEMORIAL HOSPITAL,HI,Acute Care Hospitals
100319,1.04,1.034,ADVENTHEALTH WESLEY CHAPEL,FL,Acute Care Hospitals
290007,1.04,1.0242833333333334,UNIVERSITY MEDICAL CENTER,NV,Acute Care Hospitals
050367,1.04,1.0162666666666667,NORTHBAY MEDICAL CENTER,CA,Acute Care Hospitals
230121,1.04,1.016175,MEMORIAL HEALTHCARE,MI,Acute Care Hospitals
230254,1.04,1.0118833333333332,ASCENSION PROVIDENCE ROCHESTER HOSPITAL,MI,Acute Care Hospitals
330047,1.04,1.0064333333333333,ST MARY'S HEALTHCARE,NY,Acute Care Hospitals
190019,1.04,1.0058200000000002,CHRISTUS ST FRANCES CABRINI HOSPITAL,LA,Acute Care Hospitals
180064,1.04,1.0057,SAINT JOSEPH MOUNT STERLING,KY,Acute Care Hospitals
390268,1.04,1.00564,MOUNT NITTANY MEDICAL CENTER,PA,Acute Care Hospitals
340098,1.04,1.0055166666666666,ATRIUM HEALTH PINEVILLE,NC,Acute Care Hospitals
450241,1.04,1.0049,FAITH COMMUNITY HOSPITAL,TX,Acute Care Hospitals
380029,1.04,1.004,LEGACY SILVERTON MEDICAL CENTER,OR,Acute Care Hospitals
450163,1.04,1.00265,CHRISTUS SPOHN HOSPITAL KLEBERG,TX,Acute Care Hospitals
310069,1.03,1.058775,INSPIRA MEDICAL CENTER MULLICA HILL,NJ,Acute Care Hospitals
050129,1.03,1.0579500000000002,ST BERNARDINE MEDICAL CENTER,CA,Acute Care Hospitals
100269,1.03,1.05495,HCA FLORIDA PALMS WEST HOSPITAL,FL,Acute Care Hospitals
140043,1.03,1.04392,CGH MEDICAL CENTER,IL,Acute Care Hospitals
360234,1.03,1.0416599999999998,MERCY HEALTH - WEST HOSPITAL,OH,Acute Care Hospitals
340116,1.03,1.0402,FRYE REGIONAL MEDICAL CENTER,NC,Acute Care Hospitals
360239,1.03,1.0389,KETTERING HEALTH MIAMISBURG,OH,Acute Care Hospitals
050112,1.03,1.03598,SANTA MONICA - UCLA MED CTR & ORTHOPAEDIC HOSPITAL,CA,Acute Care Hospitals
520139,1.03,1.03535,WEST ALLIS MEMORIAL HOSPITAL,WI,Acute Care Hospitals
250123,1.03,1.0323,SINGING RIVER GULFPORT,MS,Acute Care Hospitals
010011,1.03,1.02746,ST. VINCENT'S EAST,AL,Acute Care Hospitals
360150,1.03,1.0258333333333332,SUMMA WESTERN RESERVE HOSPITAL,OH,Acute Care Hospitals
330195,1.03,1.0238599999999998,LONG ISLAND JEWISH MEDICAL CENTER,NY,Acute Care Hospitals
220086,1.03,1.0193666666666668,BETH ISRAEL DEACONESS MEDICAL CENTER,MA,Acute Care Hospitals
450563,1.03,1.0181200000000001,BAYLOR SCOTT & WHITE MEDICAL CENTER  GRAPEVINE,TX,Acute Care Hospitals
450064,1.03,1.0169000000000001,TEXAS HEALTH ARLINGTON MEMORIAL HOSPITAL,TX,Acute Care Hospitals
450822,1.03,1.0149333333333332,MEDICAL CITY LAS COLINAS,TX,Acute Care Hospitals
450351,1.03,1.01425,TEXAS HEALTH HARRIS METHODIST HOSPITAL STEPHENVILL,TX,Acute Care Hospitals
070035,1.03,1.0105,THE HOSPITAL OF CENTRAL CONNECTICUT,CT,Acute Care Hospitals
100200,1.03,1.0085,BROWARD HEALTH IMPERIAL POINT,FL,Acute Care Hospitals
190086,1.03,1.0062,NORTHERN LOUISIANA MEDICAL CENTER,LA,Acute Care Hospitals
340021,1.03,1.005525,ATRIUM HEALTH CLEVELAND,NC,Acute Care Hospitals
100008,1.03,1.00216,BAPTIST HOSPITAL OF MIAMI,FL,Acute Care Hospitals
290046,1.03,1.00195,SPRING VALLEY HOSPITAL MEDICAL CENTER,NV,Acute Care Hospitals
440011,1.03,1.0006,BLOUNT MEMORIAL HOSPITAL,TN,Acute Care Hospitals
050002,1.02,1.11552,ST ROSE HOSPITAL,CA,Acute Care Hospitals
020017,1.02,1.0864333333333331,ALASKA REGIONAL HOSPITAL,AK,Acute Care Hospitals
220049,1.02,1.0777999999999999,UMASS MEMORIAL HEALTHCARE-MARLBOROUGH HOSPITAL,MA,Acute Care Hospitals
050093,1.02,1.0688666666666669,SAINT AGNES MEDICAL CENTER,CA,Acute Care Hospitals
140054,1.02,1.0626250000000002,MACNEAL  HOSPITAL,IL,Acute Care Hospitals
450184,1.02,1.057416666666667,MEMORIAL HERMANN HOSPITAL SYSTEM,TX,Acute Care Hospitals
310047,1.02,1.046075,SHORE MEDICAL CENTER,NJ,Acute Care Hospitals
140180,1.02,1.04605,PRESENCE SAINTS MARY AND ELIZABETH MEDICAL CENTER,IL,Acute Care Hospitals
110082,1.02,1.0443799999999999,"SAINT JOSEPH'S HOSPITAL OF ATLANTA, INC",GA,Acute Care Hospitals
230053,1.02,1.0331199999999998,HENRY FORD HEALTH HOSPITAL,MI,Acute Care Hospitals
310052,1.02,1.03058,OCEAN MEDICAL CENTER,NJ,Acute Care Hospitals
300020,1.02,1.0299,SOUTHERN NH MEDICAL CENTER,NH,Acute Care Hospitals
340107,1.02,1.0285,VIDANT EDGECOMBE HOSPITAL,NC,Acute Care Hospitals
050071,1.02,1.0283,KAISER FOUNDATION HOSPITAL-SANTA CLARA,CA,Acute Care Hospitals
050308,1.02,1.0280333333333334,EL CAMINO HEALTH,CA,Acute Care Hospitals
050557,1.02,1.0277166666666666,MEMORIAL MEDICAL CENTER,CA,Acute Care Hospitals
310096,1.02,1.0266666666666666,SAINT MICHAEL'S MEDICAL CENTER,NJ,Acute Care Hospitals
050496,1.02,1.0218,JOHN MUIR MEDICAL CENTER - CONCORD CAMPUS,CA,Acute Care Hospitals
100049,1.02,1.019225,HCA FLORIDA HIGHLANDS HOSPITAL,FL,Acute Care Hospitals
010012,1.02,1.0173400000000001,DEKALB REGIONAL MEDICAL CENTER,AL,Acute Care Hospitals
050723,1.02,1.0171,KAISER FOUNDATION HOSPITAL - BALDWIN PARK,CA,Acute Care Hospitals
230151,1.02,1.01186,BEAUMONT HOSPITAL - FARMINGTON HILLS,MI,Acute Care Hospitals
050608,1.02,1.0118,ADVENTIST HEALTH DELANO,CA,Acute Care Hospitals
050025,1.02,1.0089166666666667,UC SAN DIEGO HEALTH HILLCREST - HILLCREST MED CTR,CA,Acute Care Hospitals
460060,1.02,1.0059,LONE PEAK HOSPITAL,UT,Acute Care Hospitals
360010,1.02,1.0033666666666667,UNION HOSPITAL,OH,Acute Care Hospitals
100001,1.02,1.00306,SHANDS JACKSONVILLE,FL,Acute Care Hospitals
180001,1.01,1.0696666666666665,ST ELIZABETH FT THOMAS,KY,Acute Care Hospitals
420009,1.01,1.0631400000000002,PRISMA HEALTH OCONEE MEMORIAL HOSPITAL,SC,Acute Care Hospitals
360125,1.01,1.0566499999999999,ASHTABULA COUNTY MEDICAL CENTER,OH,Acute Care Hospitals
050075,1.01,1.056175,KAISER FOUNDATION HOSPITAL - OAKLAND/RICHMOND,CA,Acute Care Hospitals
050110,1.01,1.05355,LOMPOC VALLEY MEDICAL CENTER,CA,Acute Care Hospitals
250007,1.01,1.0508666666666666,Memorial Hospital Biloxi,MS,Acute Care Hospitals
370220,1.01,1.0437,ONECORE HEALTH,OK,Acute Care Hospitals
330240,1.01,1.0424333333333333,HARLEM HOSPITAL CENTER,NY,Acute Care Hospitals
260176,1.01,1.0373333333333334,ST LUKE'S DES PERES HOSPITAL,MO,Acute Care Hospitals
040134,1.01,1.0296,"ARKANSAS HEART HOSPITAL, LLC",AR,Acute Care Hospitals
360029,1.01,1.0295999999999998,WOOD COUNTY HOSPITAL,OH,Acute Care Hospitals
110074,1.01,1.0206,PIEDMONT ATHENS REGIONAL MEDICAL CENTER,GA,Acute Care Hospitals
100030,1.01,1.01938,ORLANDO HEALTH-HEALTH CENTRAL HOSPITAL,FL,Acute Care Hospitals
520193,1.01,1.0158,AURORA BAYCARE MEDICAL CTR,WI,Acute Care Hospitals
340166,1.01,1.0100333333333336,ATRIUM HEALTH UNIVERSITY CITY,NC,Acute Care Hospitals
670103,1.01,1.0062250000000001,MEDICAL CITY ALLIANCE,TX,Acute Care Hospitals
670136,1.01,1.0056,BAYLOR SCOTT & WHITE MEDICAL CENTER- AUSTIN,TX,Acute Care Hospitals
100093,1.01,1.0035833333333333,BAPTIST HOSPITAL,FL,Acute Care Hospitals
050315,1.01,1.0017,KERN MEDICAL CENTER,CA,Acute Care Hospitals
070036,1.01,1.00015,JOHN DEMPSEY HOSPITAL OF THE UNIVERSITY OF CONNECT,CT,Acute Care Hospitals
